0,5.21426e-023nan,
1,1.186e-021,3.03723e-020,
2,1.57337e-021,4.13172e-020,
3,2.06604e-021,6.25311e-020,
4,2.53455e-021,9.57775e-020,
5,2.93573e-021,1.40682e-019,
6,3.25953e-021,1.93131e-019,
7,3.50378e-021,2.45166e-019,
8,3.66654e-021,2.86629e-019,
9,3.74523e-021,3.08171e-019,
10,3.73719e-021,3.04472e-019,
11,3.64039e-021,2.76313e-019,
12,3.45359e-021,2.30248e-019,
13,3.17722e-021,1.76279e-019,
14,2.81474e-021,1.24368e-019,
15,2.37736e-021,8.15126e-020,
16,1.8939e-021,5.05162e-020,
17,1.42552e-021,3.06313e-020,
18,1.0666e-021,1.95026e-020,
19,9.10449e-022,1.48299e-020,
20,9.94411e-022,1.53006e-020,
21,1.26708e-021,2.10225e-020,
22,1.63294e-021,3.34713e-020,
23,2.01301e-021,5.46285e-020,
24,2.36084e-021,8.52585e-020,
25,2.65345e-021,1.23227e-019,
26,2.8797e-021,1.62795e-019,
27,3.03353e-021,1.9567e-019,
28,3.11161e-021,2.13745e-019,
29,3.11233e-021,2.12256e-019,
30,3.03585e-021,1.91797e-019,
31,2.88391e-021,1.58026e-019,
32,2.65984e-021,1.19319e-019,
33,2.36935e-021,8.35053e-020,
34,2.02263e-021,5.53643e-020,
35,1.64158e-021,3.59223e-020,
36,1.27162e-021,2.35709e-020,
37,9.85203e-022,1.61697e-020,
38,8.51829e-022,1.26105e-020,
39,8.92437e-022,1.25565e-020,
40,1.07523e-021,1.60113e-020,
41,1.34452e-021,2.36983e-020,
42,1.6461e-021,3.70043e-020,
43,1.94023e-021,5.69528e-020,
44,2.20296e-021,8.29055e-020,
45,2.42033e-021,1.11782e-019,
46,2.58366e-021,1.38368e-019,
47,2.68673e-021,1.56801e-019,
48,2.7253e-021,1.62634e-019,
49,2.69709e-021,1.54552e-019,
50,2.60145e-021,1.34782e-019,
51,2.44057e-021,1.08224e-019,
52,2.21937e-021,8.05045e-020,
53,1.94708e-021,5.61326e-020,
54,1.63995e-021,3.7469e-020,
55,1.32579e-021,2.48e-020,
56,1.04706e-021,1.71406e-020,
57,8.5932e-022,1.3187e-020,
58,8.1238e-022,1.21519e-020,
59,8.98739e-022,1.37583e-020,
60,1.08529e-021,1.82906e-020,
61,1.33031e-021,2.64891e-020,
62,1.59236e-021,3.91009e-020,
63,1.84109e-021,5.62323e-020,
64,2.05846e-021,7.67516e-020,
65,2.23383e-021,9.80321e-020,
66,2.36052e-021,1.16355e-019,
67,2.4341e-021,1.27939e-019,
68,2.45174e-021,1.30181e-019,
69,2.41228e-021,1.22613e-019,
70,2.31627e-021,1.07061e-019,
71,2.16645e-021,8.69623e-020,
72,1.96828e-021,6.61559e-020,
73,1.7312e-021,4.77259e-020,
74,1.47087e-021,3.33352e-020,
75,1.21305e-021,2.32682e-020,
76,9.95008e-022,1.69531e-020,
77,8.56905e-022,1.36344e-020,
78,8.24063e-022,1.27685e-020,
79,8.97651e-022,1.41943e-020,
80,1.05552e-021,1.81945e-020,
81,1.26301e-021,2.53346e-020,
82,1.48711e-021,3.61148e-020,
83,1.70312e-021,5.04717e-020,
84,1.89417e-021,6.73291e-020,
85,2.0491e-021,8.44536e-020,
86,2.16084e-021,9.88769e-020,
87,2.22493e-021,1.07696e-019,
88,2.23895e-021,1.09044e-019,
89,2.20256e-021,1.02767e-019,
90,2.11707e-021,9.04111e-020,
91,1.98599e-021,7.46712e-020,
92,1.81532e-021,5.84393e-020,
93,1.61449e-021,4.39687e-020,
94,1.39842e-021,3.24659e-020,
95,1.18864e-021,2.41476e-020,
96,1.01278e-021,1.8669e-020,
97,8.98842e-022,1.5586e-020,
98,8.66277e-022,1.45979e-020,
99,9.18357e-022,1.56478e-020,
100,1.04084e-021,1.89177e-020,
101,1.20933e-021,2.47617e-020,
102,1.39818e-021,3.34793e-020,
103,1.58597e-021,4.49869e-020,
104,1.7566e-021,5.84847e-020,
105,1.89873e-021,7.23627e-020,
106,2.00446e-021,8.44098e-020,
107,2.06855e-021,9.23681e-020,
108,2.08799e-021,9.46393e-020,
109,2.06174e-021,9.07901e-020,
110,1.9909e-021,8.17006e-020,
111,1.87896e-021,6.92816e-020,
112,1.73182e-021,5.57895e-020,
113,1.55891e-021,4.3215e-020,
114,1.37337e-021,3.28243e-020,
115,1.19304e-021,2.50906e-020,
116,1.03953e-021,1.99126e-020,
117,9.34957e-022,1.69717e-020,
118,8.96137e-022,1.60034e-020,
119,9.28863e-022,1.69227e-020,
120,1.02467e-021,1.98113e-020,
121,1.16444e-021,2.4835e-020,
122,1.32627e-021,3.21122e-020,
123,1.49117e-021,4.15163e-020,
124,1.64454e-021,5.24768e-020,
125,1.77556e-021,6.38595e-020,
126,1.87652e-021,7.40756e-020,
127,1.94215e-021,8.14209e-020,
128,1.96913e-021,8.45368e-020,
129,1.95583e-021,8.28205e-020,
130,1.90246e-021,7.66286e-020,
131,1.81145e-021,6.71733e-020,
132,1.68787e-021,5.61189e-020,
133,1.53972e-021,4.51135e-020,
134,1.37838e-021,3.54179e-020,
135,1.21872e-021,2.77311e-020,
136,1.07858e-021,2.22434e-020,
137,9.76934e-022,1.88474e-020,
138,9.29346e-022,1.73606e-020,
139,9.42692e-022,1.76743e-020,
140,1.01259e-021,1.9808e-020,
141,1.12572e-021,2.38837e-020,
142,1.26455e-021,3.00075e-020,
143,1.41181e-021,3.80833e-020,
144,1.55281e-021,4.76189e-020,
145,1.67616e-021,5.76326e-020,
146,1.77366e-021,6.67516e-020,
147,1.83963e-021,7.34917e-020,
148,1.87047e-021,7.66465e-020,
149,1.86468e-021,7.56753e-020,
150,1.82243e-021,7.08327e-020,
151,1.74584e-021,6.31004e-020,
152,1.63912e-021,5.38513e-020,
153,1.50896e-021,4.44663e-020,
154,1.36501e-021,3.60052e-020,
155,1.2203e-021,2.90906e-020,
156,1.09043e-021,2.39346e-020,
157,9.92301e-022,2.05216e-020,
158,9.3998e-022,1.87528e-020,
159,9.40591e-022,1.85741e-020,
160,9.91512e-022,1.99979e-020,
161,1.08289e-021,2.31066e-020,
162,1.20088e-021,2.79822e-020,
163,1.33097e-021,3.45717e-020,
164,1.45998e-021,4.25376e-020,
165,1.57698e-021,5.11544e-020,
166,1.67375e-021,5.93623e-020,
167,1.74401e-021,6.59219e-020,
168,1.78358e-021,6.97333e-020,
169,1.7902e-021,7.01391e-020,
170,1.76344e-021,6.71206e-020,
171,1.70465e-021,6.12869e-020,
172,1.61731e-021,5.36826e-020,
173,1.50716e-021,4.54903e-020,
174,1.38269e-021,3.77483e-020,
175,1.25509e-021,3.11612e-020,
176,1.13781e-021,2.60793e-020,
177,1.04556e-021,2.25986e-020,
178,9.90765e-022,2.06763e-020,
179,9.80536e-022,2.02542e-020,
180,1.01459e-021,2.1305e-020,
181,1.08611e-021,2.38511e-020,
182,1.18411e-021,2.79149e-020,
183,1.29607e-021,3.34296e-020,
184,1.41006e-021,4.01153e-020,
185,1.51607e-021,4.74242e-020,
186,1.60585e-021,5.45142e-020,
187,1.6735e-021,6.04145e-020,
188,1.71472e-021,6.42013e-020,
189,1.727e-021,6.52554e-020,
190,1.70949e-021,6.34256e-020,
191,1.66314e-021,5.90717e-020,
192,1.59065e-021,5.29482e-020,
193,1.49684e-021,4.59916e-020,
194,1.38868e-021,3.90953e-020,
195,1.27583e-021,3.29594e-020,
196,1.16963e-021,2.80029e-020,
197,1.08246e-021,2.44195e-020,
198,1.02552e-021,2.22545e-020,
199,1.00621e-021,2.14925e-020,
200,1.02625e-021,2.21215e-020,
201,1.08168e-021,2.41527e-020,
202,1.16393e-021,2.75889e-020,
203,1.2622e-021,3.23584e-020,
204,1.36547e-021,3.82241e-020,
205,1.46375e-021,4.47111e-020,
206,1.54913e-021,5.11279e-020,
207,1.61542e-021,5.66248e-020,
208,1.65823e-021,6.03852e-020,
209,1.67497e-021,6.18186e-020,
210,1.66457e-021,6.07132e-020,
211,1.6277e-021,5.73005e-020,
212,1.56679e-021,5.21791e-020,
213,1.4858e-021,4.61222e-020,
214,1.39095e-021,3.99352e-020,
215,1.29019e-021,3.42587e-020,
216,1.19326e-021,2.95276e-020,
217,1.11065e-021,2.59665e-020,
218,1.0523e-021,2.36642e-020,
219,1.02561e-021,2.2637e-020,
220,1.03373e-021,2.28843e-020,
221,1.07489e-021,2.44142e-020,
222,1.14292e-021,2.72227e-020,
223,1.22888e-021,3.12423e-020,
224,1.3228e-021,3.62857e-020,
225,1.41537e-021,4.19898e-020,
226,1.49846e-021,4.77857e-020,
227,1.56574e-021,5.29735e-020,
228,1.6126e-021,5.68379e-020,
229,1.63584e-021,5.87901e-020,
230,1.63399e-021,5.85413e-020,
231,1.60715e-021,5.61566e-020,
232,1.55704e-021,5.20412e-020,
233,1.48716e-021,4.68303e-020,
234,1.40269e-021,4.12234e-020,
235,1.31073e-021,3.58528e-020,
236,1.2197e-021,3.11829e-020,
237,1.13911e-021,2.75041e-020,
238,1.07817e-021,2.4952e-020,
239,1.04428e-021,2.3577e-020,
240,1.04142e-021,2.33898e-020,
241,1.06908e-021,2.43848e-020,
242,1.12299e-021,2.65547e-020,
243,1.19595e-021,2.9849e-020,
244,1.27953e-021,3.41394e-020,
245,1.36504e-021,3.91453e-020,
246,1.44485e-021,4.44325e-020,
247,1.51248e-021,4.94138e-020,
248,1.56296e-021,5.34417e-020,
249,1.59288e-021,5.59426e-020,
250,1.60002e-021,5.65272e-020,
251,1.58391e-021,5.51223e-020,
252,1.54543e-021,5.19597e-020,
253,1.4872e-021,4.75365e-020,
254,1.41347e-021,4.24744e-020,
255,1.33012e-021,3.73839e-020,
256,1.2447e-021,3.27672e-020,
257,1.16593e-021,2.89762e-020,
258,1.10256e-021,2.6199e-020,
259,1.06234e-021,2.4527e-020,
260,1.05022e-021,2.3991e-020,
261,1.06719e-021,2.45974e-020,
262,1.11036e-021,2.63396e-020,
263,1.17364e-021,2.91706e-020,
264,1.24943e-021,3.29771e-020,
265,1.32955e-021,3.75186e-020,
266,1.40645e-021,4.24082e-020,
267,1.47373e-021,4.71319e-020,
268,1.52635e-021,5.11115e-020,
269,1.56059e-021,5.38045e-020,
270,1.57416e-021,5.48287e-020,
271,1.56614e-021,5.40488e-020,
272,1.53706e-021,5.16126e-020,
273,1.48889e-021,4.79035e-020,
274,1.42504e-021,4.34413e-020,
275,1.35048e-021,3.87771e-020,
276,1.27162e-021,3.4388e-020,
277,1.19595e-021,3.06305e-020,
278,1.1314e-021,2.77259e-020,
279,1.08527e-021,2.57909e-020,
280,1.0631e-021,2.48773e-020,
281,1.0673e-021,2.49999e-020,
282,1.09696e-021,2.61568e-020,
283,1.14794e-021,2.83225e-020,
284,1.21392e-021,3.14204e-020,
285,1.2875e-021,3.52841e-020,
286,1.36139e-021,3.96322e-020,
287,1.42898e-021,4.40544e-020,
288,1.48483e-021,4.80532e-020,
289,1.52477e-021,5.11135e-020,
290,1.54606e-021,5.28133e-020,
291,1.54733e-021,5.29149e-020,
292,1.52853e-021,5.14163e-020,
293,1.49101e-021,4.85551e-020,
294,1.43756e-021,4.47486e-020,
295,1.37237e-021,4.04942e-020,
296,1.3009e-021,3.62723e-020,
297,1.22973e-021,3.24749e-020,
298,1.166e-021,2.93777e-020,
299,1.11653e-021,2.71412e-020,
300,1.08692e-021,2.58473e-020,
301,1.0805e-021,2.55282e-020,
302,1.09762e-021,2.61891e-020,
303,1.13568e-021,2.78102e-020,
304,1.18982e-021,3.03352e-020,
305,1.25363e-021,3.36311e-020,
306,1.32066e-021,3.74763e-020,
307,1.38458e-021,4.15298e-020,
308,1.44004e-021,4.53607e-020,
309,1.48269e-021,4.85028e-020,
310,1.5094e-021,5.05379e-020,
311,1.51821e-021,5.1182e-020,
312,1.50854e-021,5.03587e-020,
313,1.48107e-021,4.82101e-020,
314,1.43777e-021,4.50528e-020,
315,1.38207e-021,4.1319e-020,
316,1.31851e-021,3.74503e-020,
317,1.25284e-021,3.3837e-020,
318,1.19152e-021,3.07775e-020,
319,1.14101e-021,2.84596e-020,
320,1.10705e-021,2.69907e-020,
321,1.0936e-021,2.64187e-020,
322,1.10206e-021,2.67557e-020,
323,1.131e-021,2.79881e-020,
324,1.17648e-021,3.00597e-020,
325,1.23308e-021,3.28664e-020,
326,1.29474e-021,3.62296e-020,
327,1.35541e-021,3.98731e-020,
328,1.40977e-021,4.34405e-020,
329,1.45347e-021,4.65296e-020,
330,1.4832e-021,4.87534e-020,
331,1.49689e-021,4.98189e-020,
332,1.49362e-021,4.9582e-020,
333,1.47359e-021,4.80821e-020,
334,1.43835e-021,4.55396e-020,
335,1.39061e-021,4.22964e-020,
336,1.33426e-021,3.87492e-020,
337,1.27412e-021,3.52728e-020,
338,1.21595e-021,3.21868e-020,
339,1.16562e-021,2.97158e-020,
340,1.12856e-021,2.80053e-020,
341,1.10882e-021,2.71264e-020,
342,1.10866e-021,2.71126e-020,
343,1.12785e-021,2.79574e-020,
344,1.16388e-021,2.96194e-020,
345,1.21239e-021,3.20062e-020,
346,1.26808e-021,3.49671e-020,
347,1.3252e-021,3.82625e-020,
348,1.37853e-021,4.15882e-020,
349,1.4235e-021,4.45866e-020,
350,1.45655e-021,4.69048e-020,
351,1.47524e-021,4.82545e-020,
352,1.47829e-021,4.84672e-020,
353,1.46552e-021,4.75268e-020,
354,1.43796e-021,4.55752e-020,
355,1.39776e-021,4.28724e-020,
356,1.34821e-021,3.97523e-020,
357,1.29346e-021,3.65515e-020,
358,1.23854e-021,3.35733e-020,
359,1.1888e-021,3.10563e-020,
360,1.14938e-021,2.91656e-020,
361,1.12454e-021,2.80027e-020,
362,1.11702e-021,2.76242e-020,
363,1.12753e-021,2.80474e-020,
364,1.15457e-021,2.92533e-020,
365,1.19484e-021,3.11806e-020,
366,1.24378e-021,3.37119e-020,
367,1.29617e-021,3.66521e-020,
368,1.34705e-021,3.97423e-020,
369,1.3919e-021,4.26645e-020,
370,1.42693e-021,4.50777e-020,
371,1.44938e-021,4.66791e-020,
372,1.45761e-021,4.72649e-020,
373,1.45104e-021,4.67672e-020,
374,1.43016e-021,4.52616e-020,
375,1.39664e-021,4.2958e-020,
376,1.35319e-021,4.01534e-020,
377,1.30351e-021,3.71702e-020,
378,1.25212e-021,3.43107e-020,
379,1.20391e-021,3.18161e-020,
380,1.16384e-021,2.98665e-020,
381,1.13614e-021,2.85714e-020,
382,1.1238e-021,2.79929e-020,
383,1.12807e-021,2.81534e-020,
384,1.14836e-021,2.90513e-020,
385,1.182e-021,3.06342e-020,
386,1.22529e-021,3.28189e-020,
387,1.27366e-021,3.54553e-020,
388,1.32236e-021,3.8327e-020,
389,1.36697e-021,4.11537e-020,
390,1.40365e-021,4.36255e-020,
391,1.4296e-021,4.54505e-020,
392,1.44267e-021,4.63928e-020,
393,1.44201e-021,4.6338e-020,
394,1.42759e-021,4.53001e-020,
395,1.40067e-021,4.34313e-020,
396,1.36332e-021,4.09715e-020,
397,1.31882e-021,3.82217e-020,
398,1.27114e-021,3.54761e-020,
399,1.22477e-021,3.29889e-020,
400,1.18443e-021,3.09608e-020,
401,1.15431e-021,2.95253e-020,
402,1.13772e-021,2.87654e-020,
403,1.13631e-021,2.87096e-020,
404,1.15011e-021,2.93582e-020,
405,1.17727e-021,3.06661e-020,
406,1.21475e-021,3.25554e-020,
407,1.25837e-021,3.48853e-020,
408,1.30379e-021,3.74697e-020,
409,1.34674e-021,4.00669e-020,
410,1.38354e-021,4.24185e-020,
411,1.41114e-021,4.42584e-020,
412,1.42732e-021,4.53685e-020,
413,1.431e-021,4.56222e-020,
414,1.42186e-021,4.49912e-020,
415,1.40068e-021,4.35628e-020,
416,1.3691e-021,4.15153e-020,
417,1.32979e-021,3.90917e-020,
418,1.28609e-021,3.65471e-020,
419,1.24206e-021,3.41298e-020,
420,1.20202e-021,3.20453e-020,
421,1.17e-021,3.04431e-020,
422,1.14949e-021,2.94313e-020,
423,1.14272e-021,2.90692e-020,
424,1.15039e-021,2.93803e-020,
425,1.1715e-021,3.03467e-020,
426,1.20359e-021,3.19135e-020,
427,1.24306e-021,3.39744e-020,
428,1.28586e-021,3.63689e-020,
429,1.32788e-021,3.88865e-020,
430,1.36535e-021,4.12735e-020,
431,1.39502e-021,4.32633e-020,
432,1.41451e-021,4.46174e-020,
433,1.42238e-021,4.51727e-020,
434,1.41797e-021,4.48594e-020,
435,1.4017e-021,4.37264e-020,
436,1.375e-021,4.19303e-020,
437,1.34008e-021,3.9692e-020,
438,1.2999e-021,3.7264e-020,
439,1.25806e-021,3.4892e-020,
440,1.2186e-021,3.27876e-020,
441,1.18535e-021,3.11076e-020,
442,1.16179e-021,2.99646e-020,
443,1.15026e-021,2.94159e-020,
444,1.15196e-021,2.94912e-020,
445,1.16658e-021,3.01838e-020,
446,1.1923e-021,3.14478e-020,
447,1.22634e-021,3.32042e-020,
448,1.26502e-021,3.53174e-020,
449,1.30461e-021,3.76125e-020,
450,1.34143e-021,3.98698e-020,
451,1.3723e-021,4.18562e-020,
452,1.39466e-021,4.33464e-020,
453,1.40673e-021,4.41643e-020,
454,1.40766e-021,4.42173e-020,
455,1.3974e-021,4.35054e-020,
456,1.37674e-021,4.21207e-020,
457,1.34748e-021,4.02397e-020,
458,1.31219e-021,3.80834e-020,
459,1.27398e-021,3.58765e-020,
460,1.23652e-021,3.38323e-020,
461,1.20351e-021,3.2121e-020,
462,1.17818e-021,3.08603e-020,
463,1.16325e-021,3.01349e-020,
464,1.16018e-021,2.99822e-020,
465,1.1691e-021,3.04047e-020,
466,1.18891e-021,3.13727e-020,
467,1.21738e-021,3.28219e-020,
468,1.25143e-021,3.46436e-020,
469,1.28767e-021,3.66896e-020,
470,1.32258e-021,3.87697e-020,
471,1.35318e-021,4.06819e-020,
472,1.37677e-021,4.22157e-020,
473,1.39148e-021,4.31964e-020,
474,1.39611e-021,4.35079e-020,
475,1.39046e-021,4.31256e-020,
476,1.37491e-021,4.20932e-020,
477,1.35088e-021,4.05462e-020,
478,1.32037e-021,3.86631e-020,
479,1.28607e-021,3.66478e-020,
480,1.25125e-021,3.47035e-020,
481,1.21915e-021,3.29978e-020,
482,1.19301e-021,3.1667e-020,
483,1.17547e-021,3.08005e-020,
484,1.16834e-021,3.04531e-020,
485,1.17233e-021,3.06429e-020,
486,1.18685e-021,3.13516e-020,
487,1.21027e-021,3.25324e-020,
488,1.24016e-021,3.4102e-020,
489,1.27339e-021,3.5933e-020,
490,1.30674e-021,3.78653e-020,
491,1.33726e-021,3.97192e-020,
492,1.36217e-021,4.12958e-020,
493,1.37956e-021,4.24317e-020,
494,1.38798e-021,4.29939e-020,
495,1.38672e-021,4.29151e-020,
496,1.37605e-021,4.22157e-020,
497,1.35679e-021,4.09784e-020,
498,1.33065e-021,3.93525e-020,
499,1.29997e-021,3.75197e-020,
500,1.26749e-021,3.56649e-020,
501,1.23626e-021,3.396e-020,
502,1.20929e-021,3.25461e-020,
503,1.1894e-021,3.15336e-020,
504,1.17843e-021,3.09829e-020,
505,1.17754e-021,3.09317e-020,
506,1.18677e-021,3.13809e-020,
507,1.20494e-021,3.22937e-020,
508,1.23017e-021,3.36083e-020,
509,1.25981e-021,3.52213e-020,
510,1.29092e-021,3.6994e-020,
511,1.32059e-021,3.87626e-020,
512,1.3462e-021,4.03506e-020,
513,1.3655e-021,4.15862e-020,
514,1.37699e-021,4.23359e-020,
515,1.37969e-021,4.25132e-020,
516,1.37336e-021,4.2098e-020,
517,1.35866e-021,4.115e-020,
518,1.33691e-021,3.9785e-020,
519,1.30982e-021,3.81469e-020,
520,1.27998e-021,3.64151e-020,
521,1.25008e-021,3.47526e-020,
522,1.22299e-021,3.33041e-020,
523,1.20135e-021,3.21832e-020,
524,1.18738e-021,3.14716e-020,
525,1.18242e-021,3.12151e-020,
526,1.18693e-021,3.14278e-020,
527,1.20027e-021,3.20904e-020,
528,1.22088e-021,3.31512e-020,
529,1.24671e-021,3.45332e-020,
530,1.27503e-021,3.61156e-020,
531,1.30315e-021,3.77578e-020,
532,1.32847e-021,3.92969e-020,
533,1.34876e-021,4.05736e-020,
534,1.36232e-021,4.14483e-020,
535,1.36805e-021,4.18255e-020,
536,1.36549e-021,4.16628e-020,
537,1.35486e-021,4.09824e-020,
538,1.33717e-021,3.98709e-020,
539,1.31384e-021,3.84488e-020,
540,1.28705e-021,3.68735e-020,
541,1.2592e-021,3.52978e-020,
542,1.23301e-021,3.38714e-020,
543,1.21093e-021,3.27077e-020,
544,1.19526e-021,3.18991e-020,
545,1.18749e-021,3.14999e-020,
546,1.18842e-021,3.15372e-020,
547,1.19783e-021,3.20052e-020,
548,1.2147e-021,3.28698e-020,
549,1.23723e-021,3.40642e-020,
550,1.26316e-021,3.54916e-020,
551,1.28997e-021,3.70283e-020,
552,1.31516e-021,3.8527e-020,
553,1.33646e-021,3.9836e-020,
554,1.3521e-021,4.08199e-020,
555,1.3608e-021,4.13738e-020,
556,1.36181e-021,4.1436e-020,
557,1.35517e-021,4.10076e-020,
558,1.34145e-021,4.01423e-020,
559,1.32186e-021,3.89387e-020,
560,1.29804e-021,3.75254e-020,
561,1.27231e-021,3.60526e-020,
562,1.24703e-021,3.46567e-020,
563,1.22459e-021,3.34579e-020,
564,1.2072e-021,3.25514e-020,
565,1.19659e-021,3.20053e-020,
566,1.19374e-021,3.18542e-020,
567,1.1989e-021,3.21081e-020,
568,1.21143e-021,3.27455e-020,
569,1.23002e-021,3.37194e-020,
570,1.25271e-021,3.49502e-020,
571,1.27725e-021,3.63308e-020,
572,1.3014e-021,3.77402e-020,
573,1.32298e-021,3.90412e-020,
574,1.34008e-021,4.01006e-020,
575,1.35125e-021,4.08052e-020,
576,1.35558e-021,4.10788e-020,
577,1.35279e-021,4.08983e-020,
578,1.34303e-021,4.0281e-020,
579,1.32728e-021,3.93065e-020,
580,1.30689e-021,3.80811e-020,
581,1.28369e-021,3.67315e-020,
582,1.25995e-021,3.53973e-020,
583,1.23775e-021,3.41888e-020,
584,1.21938e-021,3.32144e-020,
585,1.20665e-021,3.25494e-020,
586,1.20074e-021,3.22392e-020,
587,1.20219e-021,3.23035e-020,
588,1.21087e-021,3.27411e-020,
589,1.22574e-021,3.35143e-020,
590,1.24523e-021,3.45606e-020,
591,1.26742e-021,3.57952e-020,
592,1.29008e-021,3.71018e-020,
593,1.31121e-021,3.836e-020,
594,1.32882e-021,3.94404e-020,
595,1.34152e-021,4.02354e-020,
596,1.34817e-021,4.06567e-020,
597,1.34828e-021,4.06614e-020,
598,1.34179e-021,4.02504e-020,
599,1.32937e-021,3.94764e-020,
600,1.31205e-021,3.84241e-020,
601,1.29151e-021,3.72124e-020,
602,1.26953e-021,3.59573e-020,
603,1.2482e-021,3.47778e-020,
604,1.22963e-021,3.37782e-020,
605,1.21556e-021,3.30358e-020,
606,1.20737e-021,3.26068e-020,
607,1.20589e-021,3.25238e-020,
608,1.21123e-021,3.2791e-020,
609,1.22275e-021,3.33869e-020,
610,1.23926e-021,3.42646e-020,
611,1.25905e-021,3.53498e-020,
612,1.28023e-021,3.65518e-020,
613,1.30074e-021,3.77545e-020,
614,1.31874e-021,3.88411e-020,
615,1.33265e-021,3.97024e-020,
616,1.3413e-021,4.02465e-020,
617,1.34388e-021,4.04113e-020,
618,1.34033e-021,4.01878e-020,
619,1.33088e-021,3.95991e-020,
620,1.31645e-021,3.87157e-020,
621,1.29822e-021,3.76285e-020,
622,1.27794e-021,3.64528e-020,
623,1.25756e-021,3.53069e-020,
624,1.2389e-021,3.42874e-020,
625,1.22378e-021,3.34802e-020,
626,1.21371e-021,3.29508e-020,
627,1.20969e-021,3.2739e-020,
628,1.21188e-021,3.28486e-020,
629,1.22023e-021,3.32811e-020,
630,1.23363e-021,3.39919e-020,
631,1.25077e-021,3.49258e-020,
632,1.27e-021,3.60034e-020,
633,1.28941e-021,3.71251e-020,
634,1.30731e-021,3.81886e-020,
635,1.32199e-021,3.90821e-020,
636,1.33228e-021,3.97178e-020,
637,1.33725e-021,4.00269e-020,
638,1.33652e-021,3.99775e-020,
639,1.33023e-021,3.95829e-020,
640,1.31888e-021,3.88825e-020,
641,1.30355e-021,3.79584e-020,
642,1.28564e-021,3.69073e-020,
643,1.26675e-021,3.58316e-020,
644,1.2488e-021,3.48379e-020,
645,1.23343e-021,3.40089e-020,
646,1.22214e-021,3.34126e-020,
647,1.21604e-021,3.30958e-020,
648,1.21574e-021,3.3082e-020,
649,1.22115e-021,3.33668e-020,
650,1.23175e-021,3.39288e-020,
651,1.2463e-021,3.47156e-020,
652,1.26341e-021,3.56629e-020,
653,1.28146e-021,3.66885e-020,
654,1.29863e-021,3.76906e-020,
655,1.31343e-021,3.8576e-020,
656,1.32452e-021,3.9252e-020,
657,1.33095e-021,3.96512e-020,
658,1.33216e-021,3.97287e-020,
659,1.32814e-021,3.94832e-020,
660,1.31922e-021,3.89409e-020,
661,1.30625e-021,3.81633e-020,
662,1.29041e-021,3.72329e-020,
663,1.27315e-021,3.62406e-020,
664,1.25608e-021,3.52819e-020,
665,1.24086e-021,3.44449e-020,
666,1.22892e-021,3.37984e-020,
667,1.22148e-021,3.33979e-020,
668,1.21916e-021,3.32703e-020,
669,1.22227e-021,3.34285e-020,
670,1.23042e-021,3.38567e-020,
671,1.24271e-021,3.45177e-020,
672,1.25801e-021,3.53602e-020,
673,1.27481e-021,3.63089e-020,
674,1.29144e-021,3.72725e-020,
675,1.30639e-021,3.816e-020,
676,1.31831e-021,3.88821e-020,
677,1.32622e-021,3.93681e-020,
678,1.32935e-021,3.95629e-020,
679,1.32757e-021,3.94546e-020,
680,1.32097e-021,3.90523e-020,
681,1.31019e-021,3.84023e-020,
682,1.2962e-021,3.75736e-020,
683,1.28032e-021,3.66539e-020,
684,1.26399e-021,3.57293e-020,
685,1.24878e-021,3.48867e-020,
686,1.23607e-021,3.41953e-020,
687,1.22715e-021,3.37154e-020,
688,1.22276e-021,3.34788e-020,
689,1.22337e-021,3.35065e-020,
690,1.22882e-021,3.37911e-020,
691,1.23852e-021,3.43092e-020,
692,1.25156e-021,3.50194e-020,
693,1.26659e-021,3.58577e-020,
694,1.28217e-021,3.67483e-020,
695,1.29693e-021,3.76114e-020,
696,1.30941e-021,3.8356e-020,
697,1.31861e-021,3.89145e-020,
698,1.32369e-021,3.92261e-020,
699,1.32426e-021,3.92615e-020,
700,1.32021e-021,3.90156e-020,
701,1.31208e-021,3.85242e-020,
702,1.30051e-021,3.78347e-020,
703,1.28658e-021,3.70205e-020,
704,1.27157e-021,3.61615e-020,
705,1.25692e-021,3.53405e-020,
706,1.24399e-021,3.46297e-020,
707,1.23408e-021,3.40923e-020,
708,1.22805e-021,3.37686e-020,
709,1.22653e-021,3.3685e-020,
710,1.2296e-021,3.38456e-020,
711,1.2369e-021,3.42354e-020,
712,1.24766e-021,3.48193e-020,
713,1.26086e-021,3.555e-020,
714,1.27517e-021,3.63601e-020,
715,1.28926e-021,3.71751e-020,
716,1.30177e-021,3.79133e-020,
717,1.31163e-021,3.85051e-020,
718,1.31799e-021,3.88918e-020,
719,1.32032e-021,3.90354e-020,
720,1.31836e-021,3.8918e-020,
721,1.31242e-021,3.85603e-020,
722,1.30295e-021,3.79946e-020,
723,1.29088e-021,3.72867e-020,
724,1.27729e-021,3.65022e-020,
725,1.26356e-021,3.57251e-020,
726,1.25085e-021,3.50182e-020,
727,1.24045e-021,3.44483e-020,
728,1.23331e-021,3.40602e-020,
729,1.2302e-021,3.38898e-020,
730,1.23131e-021,3.39455e-020,
731,1.23647e-021,3.42207e-020,
732,1.24524e-021,3.46954e-020,
733,1.25664e-021,3.53238e-020,
734,1.26958e-021,3.60513e-020,
735,1.28281e-021,3.68098e-020,
736,1.29506e-021,3.75254e-020,
737,1.30531e-021,3.81333e-020,
738,1.31259e-021,3.85698e-020,
739,1.31621e-021,3.87882e-020,
740,1.31598e-021,3.87742e-020,
741,1.31194e-021,3.85299e-020,
742,1.30433e-021,3.80761e-020,
743,1.29394e-021,3.74654e-020,
744,1.28173e-021,3.67601e-020,
745,1.26878e-021,3.60256e-020,
746,1.25639e-021,3.53356e-020,
747,1.24564e-021,3.47453e-020,
748,1.23763e-021,3.43098e-020,
749,1.23312e-021,3.40646e-020,
750,1.23251e-021,3.40269e-020,
751,1.23583e-021,3.42001e-020,
752,1.24275e-021,3.45704e-020,
753,1.2525e-021,3.51015e-020,
754,1.26419e-021,3.57501e-020,
755,1.27668e-021,3.64578e-020,
756,1.28879e-021,3.71585e-020,
757,1.29939e-021,3.77825e-020,
758,1.30764e-021,3.82745e-020,
759,1.31265e-021,3.85784e-020,
760,1.31414e-021,3.8669e-020,
761,1.31189e-021,3.85354e-020,
762,1.30625e-021,3.81993e-020,
763,1.29762e-021,3.769e-020,
764,1.28688e-021,3.70641e-020,
765,1.27498e-021,3.63827e-020,
766,1.26307e-021,3.5712e-020,
767,1.25228e-021,3.51135e-020,
768,1.24356e-021,3.46353e-020,
769,1.23782e-021,3.43224e-020,
770,1.23555e-021,3.41966e-020,
771,1.23698e-021,3.42697e-020,
772,1.24191e-021,3.4532e-020,
773,1.24984e-021,3.49627e-020,
774,1.25996e-021,3.55211e-020,
775,1.27133e-021,3.61603e-020,
776,1.28281e-021,3.68198e-020,
777,1.29335e-021,3.74353e-020,
778,1.30203e-021,3.79517e-020,
779,1.30804e-021,3.83148e-020,
780,1.31088e-021,3.84888e-020,
781,1.31029e-021,3.84572e-020,
782,1.30643e-021,3.82279e-020,
783,1.29957e-021,3.78223e-020,
784,1.29038e-021,3.72844e-020,
785,1.27969e-021,3.6666e-020,
786,1.26853e-021,3.60295e-020,
787,1.25797e-021,3.5435e-020,
788,1.2489e-021,3.49302e-020,
789,1.24227e-021,3.45642e-020,
790,1.23873e-021,3.43671e-020,
791,1.23859e-021,3.43552e-020,
792,1.24178e-021,3.45249e-020,
793,1.24805e-021,3.4865e-020,
794,1.25675e-021,3.53447e-020,
795,1.26697e-021,3.59182e-020,
796,1.27778e-021,3.65355e-020,
797,1.28813e-021,3.71371e-020,
798,1.29719e-021,3.7671e-020,
799,1.30395e-021,3.80757e-020,
800,1.30798e-021,3.83194e-020,
801,1.30885e-021,3.83738e-020,
802,1.30651e-021,3.8235e-020,
803,1.30124e-021,3.79225e-020,
804,1.29349e-021,3.74662e-020,
805,1.28398e-021,3.69139e-020,
806,1.27362e-021,3.63206e-020,
807,1.26336e-021,3.57405e-020,
808,1.25423e-021,3.52311e-020,
809,1.24701e-021,3.48315e-020,
810,1.24237e-021,3.45749e-020,
811,1.2408e-021,3.44861e-020,
812,1.24239e-021,3.45689e-020,
813,1.24696e-021,3.48155e-020,
814,1.25407e-021,3.52042e-020,
815,1.26301e-021,3.5702e-020,
816,1.27291e-021,3.62615e-020,
817,1.2828e-021,3.68305e-020,
818,1.29186e-021,3.73603e-020,
819,1.29913e-021,3.77918e-020,
820,1.30406e-021,3.80878e-020,
821,1.30622e-021,3.82192e-020,
822,1.3054e-021,3.81719e-020,
823,1.30171e-021,3.79534e-020,
824,1.2955e-021,3.75873e-020,
825,1.28733e-021,3.71091e-020,
826,1.27799e-021,3.65692e-020,
827,1.26825e-021,3.6015e-020,
828,1.25914e-021,3.55022e-020,
829,1.25147e-021,3.50761e-020,
830,1.24593e-021,3.47706e-020,
831,1.24305e-021,3.46118e-020,
832,1.24309e-021,3.46131e-020,
833,1.24602e-021,3.47714e-020,
834,1.25159e-021,3.50765e-020,
835,1.25915e-021,3.54956e-020,
836,1.26808e-021,3.59975e-020,
837,1.2774e-021,3.65288e-020,
838,1.2863e-021,3.70449e-020,
839,1.29402e-021,3.74974e-020,
840,1.29979e-021,3.78405e-020,
841,1.30316e-021,3.80428e-020,
842,1.3038e-021,3.80828e-020,
843,1.30169e-021,3.79583e-020,
844,1.29705e-021,3.76845e-020,
845,1.29029e-021,3.72874e-020,
846,1.28204e-021,3.68073e-020,
847,1.27309e-021,3.62931e-020,
848,1.26432e-021,3.57967e-020,
849,1.25652e-021,3.53579e-020,
850,1.25039e-021,3.50173e-020,
851,1.24655e-021,3.48054e-020,
852,1.24536e-021,3.47396e-020,
853,1.2469e-021,3.48236e-020,
854,1.25098e-021,3.50477e-020,
855,1.25718e-021,3.53919e-020,
856,1.26487e-021,3.58237e-020,
857,1.27335e-021,3.63053e-020,
858,1.28181e-021,3.67909e-020,
859,1.28946e-021,3.72367e-020,
860,1.29558e-021,3.75963e-020,
861,1.29961e-021,3.78357e-020,
862,1.30125e-021,3.79344e-020,
863,1.30036e-021,3.78828e-020,
864,1.29704e-021,3.76877e-020,
865,1.29157e-021,3.73676e-020,
866,1.28444e-021,3.69543e-020,
867,1.2764e-021,3.64917e-020,
868,1.26815e-021,3.60226e-020,
869,1.26046e-021,3.55884e-020,
870,1.2541e-021,3.52328e-020,
871,1.24968e-021,3.4986e-020,
872,1.24757e-021,3.48673e-020,
873,1.24791e-021,3.48835e-020,
874,1.25079e-021,3.50391e-020,
875,1.2558e-021,3.53155e-020,
876,1.2625e-021,3.56893e-020,
877,1.27023e-021,3.61256e-020,
878,1.27825e-021,3.65849e-020,
879,1.28576e-021,3.70207e-020,
880,1.29217e-021,3.73969e-020,
881,1.2968e-021,3.76716e-020,
882,1.29932e-021,3.78224e-020,
883,1.29946e-021,3.78322e-020,
884,1.29723e-021,3.77017e-020,
885,1.29282e-021,3.74435e-020,
886,1.28668e-021,3.70858e-020,
887,1.27939e-021,3.66646e-020,
888,1.27161e-021,3.62191e-020,
889,1.26402e-021,3.57896e-020,
890,1.25742e-021,3.54197e-020,
891,1.25239e-021,3.51393e-020,
892,1.24936e-021,3.49708e-020,
893,1.24863e-021,3.49295e-020,
894,1.25028e-021,3.50198e-020,
895,1.25413e-021,3.52318e-020,
896,1.25973e-021,3.5543e-020,
897,1.26659e-021,3.59292e-020,
898,1.27402e-021,3.6351e-020,
899,1.28135e-021,3.6772e-020,
900,1.28791e-021,3.71524e-020,
901,1.293e-021,3.74501e-020,
902,1.29627e-021,3.76419e-020,
903,1.29738e-021,3.77072e-020,
904,1.29626e-021,3.76422e-020,
905,1.29307e-021,3.74546e-020,
906,1.28803e-021,3.71618e-020,
907,1.2817e-021,3.67959e-020,
908,1.27462e-021,3.63908e-020,
909,1.26749e-021,3.59865e-020,
910,1.26094e-021,3.5618e-020,
911,1.25566e-021,3.53232e-020,
912,1.25206e-021,3.51233e-020,
913,1.25057e-021,3.50395e-020,
914,1.25117e-021,3.50721e-020,
915,1.25393e-021,3.52237e-020,
916,1.25847e-021,3.54764e-020,
917,1.26445e-021,3.58112e-020,
918,1.27118e-021,3.6193e-020,
919,1.27806e-021,3.65871e-020,
920,1.28444e-021,3.69555e-020,
921,1.28978e-021,3.72678e-020,
922,1.29359e-021,3.74906e-020,
923,1.29552e-021,3.76042e-020,
924,1.29541e-021,3.7598e-020,
925,1.29329e-021,3.74731e-020,
926,1.28942e-021,3.72467e-020,
927,1.28407e-021,3.69368e-020,
928,1.27789e-021,3.65808e-020,
929,1.27128e-021,3.62038e-020,
930,1.26499e-021,3.58485e-020,
931,1.25959e-021,3.55451e-020,
932,1.25555e-021,3.53201e-020,
933,1.25328e-021,3.51924e-020,
934,1.25295e-021,3.51725e-020,
935,1.25453e-021,3.5259e-020,
936,1.25798e-021,3.545e-020,
937,1.26285e-021,3.57217e-020,
938,1.26871e-021,3.60527e-020,
939,1.27498e-021,3.64103e-020,
940,1.28102e-021,3.67582e-020,
941,1.28632e-021,3.70671e-020,
942,1.29044e-021,3.73083e-020,
943,1.29292e-021,3.74544e-020,
944,1.29356e-021,3.74928e-020,
945,1.29238e-021,3.74242e-020,
946,1.28946e-021,3.72543e-020,
947,1.28516e-021,3.70048e-020,
948,1.27974e-021,3.66926e-020,
949,1.27383e-021,3.6354e-020,
950,1.26793e-021,3.60185e-020,
951,1.26261e-021,3.5719e-020,
952,1.25842e-021,3.5483e-020,
953,1.25562e-021,3.53255e-020,
954,1.25462e-021,3.52682e-020,
955,1.25533e-021,3.53066e-020,
956,1.25779e-021,3.54419e-020,
957,1.26171e-021,3.56602e-020,
958,1.26669e-021,3.59409e-020,
959,1.27228e-021,3.62583e-020,
960,1.27795e-021,3.65828e-020,
961,1.28315e-021,3.68838e-020,
962,1.28744e-021,3.7134e-020,
963,1.29041e-021,3.73077e-020,
964,1.29178e-021,3.73883e-020,
965,1.29147e-021,3.73703e-020,
966,1.2895e-021,3.7256e-020,
967,1.28612e-021,3.70592e-020,
968,1.28158e-021,3.67971e-020,
969,1.27633e-021,3.64969e-020,
970,1.27088e-021,3.61864e-020,
971,1.26569e-021,3.5894e-020,
972,1.26129e-021,3.56473e-020,
973,1.25813e-021,3.547e-020,
974,1.25643e-021,3.5374e-020,
975,1.25634e-021,3.53674e-020,
976,1.25789e-021,3.54525e-020,
977,1.26103e-021,3.56261e-020,
978,1.26526e-021,3.5863e-020,
979,1.27028e-021,3.6146e-020,
980,1.27559e-021,3.64497e-020,
981,1.28068e-021,3.67428e-020,
982,1.28507e-021,3.69982e-020,
983,1.28836e-021,3.71913e-020,
984,1.2903e-021,3.73051e-020,
985,1.29067e-021,3.73274e-020,
986,1.2895e-021,3.72599e-020,
987,1.28687e-021,3.71062e-020,
988,1.28303e-021,3.68828e-020,
989,1.27835e-021,3.6614e-020,
990,1.27324e-021,3.63207e-020,
991,1.26828e-021,3.60388e-020,
992,1.26383e-021,3.5788e-020,
993,1.26033e-021,3.55906e-020,
994,1.25815e-021,3.54689e-020,
995,1.25743e-021,3.54285e-020,
996,1.25828e-021,3.54751e-020,
997,1.26062e-021,3.56045e-020,
998,1.26413e-021,3.58017e-020,
999,1.26859e-021,3.60529e-020,
1000,1.27351e-021,3.63327e-020,
1001,1.27844e-021,3.66152e-020,
1002,1.28283e-021,3.68696e-020,
1003,1.28635e-021,3.70747e-020,
1004,1.28866e-021,3.72104e-020,
1005,1.28955e-021,3.72636e-020,
1006,1.28898e-021,3.72321e-020,
1007,1.287e-021,3.71172e-020,
1008,1.2838e-021,3.69321e-020,
1009,1.27962e-021,3.6691e-020,
1010,1.27497e-021,3.6425e-020,
1011,1.27026e-021,3.6156e-020,
1012,1.26588e-021,3.59073e-020,
1013,1.26223e-021,3.57014e-020,
1014,1.25971e-021,3.55593e-020,
1015,1.25854e-021,3.5492e-020,
1016,1.25883e-021,3.55066e-020,
1017,1.26054e-021,3.56007e-020,
1018,1.26349e-021,3.57654e-020,
1019,1.2674e-021,3.59851e-020,
1020,1.2719e-021,3.62394e-020,
1021,1.27654e-021,3.65051e-020,
1022,1.28096e-021,3.67599e-020,
1023,1.2846e-021,3.69719e-020,
1024,1.28733e-021,3.71316e-020,
1025,1.28877e-021,3.72171e-020,
1026,1.28887e-021,3.7224e-020,
1027,1.28752e-021,3.71469e-020,
1028,1.285e-021,3.70005e-020,
1029,1.28147e-021,3.67973e-020,
1030,1.27728e-021,3.65575e-020,
1031,1.27279e-021,3.63012e-020,
1032,1.26846e-021,3.60552e-020,
1033,1.2646e-021,3.58372e-020,
1034,1.26166e-021,3.56722e-020,
1035,1.25993e-021,3.55746e-020,
1036,1.25953e-021,3.55514e-020,
1037,1.2605e-021,3.56038e-020,
1038,1.26275e-021,3.57286e-020,
1039,1.266e-021,3.59106e-020,
1040,1.26998e-021,3.61353e-020,
1041,1.27436e-021,3.63835e-020,
1042,1.27864e-021,3.66284e-020,
1043,1.28247e-021,3.68497e-020,
1044,1.28546e-021,3.70236e-020,
1045,1.28743e-021,3.71382e-020,
1046,1.28814e-021,3.71805e-020,
1047,1.28754e-021,3.71465e-020,
1048,1.28574e-021,3.70421e-020,
1049,1.28287e-021,3.68772e-020,
1050,1.27919e-021,3.66655e-020,
1051,1.27515e-021,3.64336e-020,
1052,1.27101e-021,3.61984e-020,
1053,1.26721e-021,3.5983e-020,
1054,1.26409e-021,3.58072e-020,
1055,1.26196e-021,3.56878e-020,
1056,1.26096e-021,3.56315e-020,
1057,1.26123e-021,3.56463e-020,
1058,1.26272e-021,3.57292e-020,
1059,1.26527e-021,3.58719e-020,
1060,1.26863e-021,3.60613e-020,
1061,1.27247e-021,3.6279e-020,
1062,1.27641e-021,3.65042e-020,
1063,1.28014e-021,3.67185e-020,
1064,1.28326e-021,3.6899e-020,
1065,1.28549e-021,3.70284e-020,
1066,1.28669e-021,3.70991e-020,
1067,1.28667e-021,3.70994e-020,
1068,1.2855e-021,3.70334e-020,
1069,1.28331e-021,3.69067e-020,
1070,1.28023e-021,3.67296e-020,
1071,1.27665e-021,3.6524e-020,
1072,1.27279e-021,3.63037e-020,
1073,1.2691e-021,3.60933e-020,
1074,1.266e-021,3.5916e-020,
1075,1.2636e-021,3.57795e-020,
1076,1.26225e-021,3.57019e-020,
1077,1.26201e-021,3.56877e-020,
1078,1.26293e-021,3.57375e-020,
1079,1.26487e-021,3.58465e-020,
1080,1.26777e-021,3.60089e-020,
1081,1.27116e-021,3.62021e-020,
1082,1.27481e-021,3.64111e-020,
1083,1.27835e-021,3.66142e-020,
1084,1.28145e-021,3.67937e-020,
1085,1.28392e-021,3.69378e-020,
1086,1.28544e-021,3.70272e-020,
1087,1.2859e-021,3.70551e-020,
1088,1.28526e-021,3.70187e-020,
1089,1.28352e-021,3.69191e-020,
1090,1.28096e-021,3.67721e-020,
1091,1.27783e-021,3.65926e-020,
1092,1.27433e-021,3.63924e-020,
1093,1.27088e-021,3.61958e-020,
1094,1.26775e-021,3.60179e-020,
1095,1.26525e-021,3.58758e-020,
1096,1.26358e-021,3.5781e-020,
1097,1.26298e-021,3.57457e-020,
1098,1.26343e-021,3.57698e-020,
1099,1.26498e-021,3.58555e-020,
1100,1.26735e-021,3.59883e-020,
1101,1.27035e-021,3.6157e-020,
1102,1.27372e-021,3.63493e-020,
1103,1.27711e-021,3.65423e-020,
1104,1.28025e-021,3.67234e-020,
1105,1.28283e-021,3.68731e-020,
1106,1.28459e-021,3.69755e-020,
1107,1.28539e-021,3.70231e-020,
1108,1.28514e-021,3.70099e-020,
1109,1.28391e-021,3.69394e-020,
1110,1.28179e-021,3.68182e-020,
1111,1.27905e-021,3.66613e-020,
1112,1.27592e-021,3.64826e-020,
1113,1.27265e-021,3.6296e-020,
1114,1.26962e-021,3.61239e-020,
1115,1.267e-021,3.5975e-020,
1116,1.26513e-021,3.58692e-020,
1117,1.26416e-021,3.58127e-020,
1118,1.26409e-021,3.58082e-020,
1119,1.26506e-021,3.58617e-020,
1120,1.26689e-021,3.59642e-020,
1121,1.26943e-021,3.61075e-020,
1122,1.27247e-021,3.62801e-020,
1123,1.27558e-021,3.64575e-020,
1124,1.27865e-021,3.66337e-020,
1125,1.28123e-021,3.6783e-020,
1126,1.2832e-021,3.68971e-020,
1127,1.28432e-021,3.6963e-020,
1128,1.28447e-021,3.69725e-020,
1129,1.28372e-021,3.6929e-020,
1130,1.28203e-021,3.68321e-020,
1131,1.27968e-021,3.66971e-020,
1132,1.27684e-021,3.65341e-020,
1133,1.27382e-021,3.63616e-020,
1134,1.27084e-021,3.61924e-020,
1135,1.26828e-021,3.60468e-020,
1136,1.26626e-021,3.59324e-020,
1137,1.26509e-021,3.58653e-020,
1138,1.26476e-021,3.58456e-020,
1139,1.26533e-021,3.5877e-020,
1140,1.26683e-021,3.5961e-020,
1141,1.26899e-021,3.60828e-020,
1142,1.2717e-021,3.62367e-020,
1143,1.27461e-021,3.64027e-020,
1144,1.27751e-021,3.65692e-020,
1145,1.28005e-021,3.6716e-020,
1146,1.28208e-021,3.68337e-020,
1147,1.28342e-021,3.69116e-020,
1148,1.28389e-021,3.69395e-020,
1149,1.2834e-021,3.69122e-020,
1150,1.28217e-021,3.68418e-020,
1151,1.28025e-021,3.67309e-020,
1152,1.27771e-021,3.65861e-020,
1153,1.27493e-021,3.64275e-020,
1154,1.27208e-021,3.62647e-020,
1155,1.26952e-021,3.61187e-020,
1156,1.26742e-021,3.59995e-020,
1157,1.26601e-021,3.59188e-020,
1158,1.26532e-021,3.58785e-020,
1159,1.26554e-021,3.58905e-020,
1160,1.26654e-021,3.59459e-020,
1161,1.26832e-021,3.60454e-020,
1162,1.27065e-021,3.6177e-020,
1163,1.27334e-021,3.63298e-020,
1164,1.27611e-021,3.64882e-020,
1165,1.27874e-021,3.66393e-020,
1166,1.28094e-021,3.67664e-020,
1167,1.2825e-021,3.68578e-020,
1168,1.2833e-021,3.69046e-020,
1169,1.28331e-021,3.69063e-020,
1170,1.28247e-021,3.68586e-020,
1171,1.28089e-021,3.6769e-020,
1172,1.27869e-021,3.66419e-020,
1173,1.27613e-021,3.64953e-020,
1174,1.27334e-021,3.63363e-020,
1175,1.27076e-021,3.61897e-020,
1176,1.26852e-021,3.60621e-020,
1177,1.26684e-021,3.59667e-020,
1178,1.26585e-021,3.59105e-020,
1179,1.26571e-021,3.59019e-020,
1180,1.26633e-021,3.59355e-020,
1181,1.2677e-021,3.60125e-020,
1182,1.26969e-021,3.61242e-020,
1183,1.27213e-021,3.62621e-020,
1184,1.27473e-021,3.64104e-020,
1185,1.27727e-021,3.65561e-020,
1186,1.27956e-021,3.66881e-020,
1187,1.28134e-021,3.67909e-020,
1188,1.28249e-021,3.68587e-020,
1189,1.28285e-021,3.68803e-020,
1190,1.28248e-021,3.68597e-020,
1191,1.28135e-021,3.67939e-020,
1192,1.27957e-021,3.66925e-020,
1193,1.27737e-021,3.6566e-020,
1194,1.27485e-021,3.64225e-020,
1195,1.27242e-021,3.62834e-020,
1196,1.2701e-021,3.61517e-020,
1197,1.2683e-021,3.6049e-020,
1198,1.26707e-021,3.59786e-020,
1199,1.26653e-021,3.59481e-020,
1200,1.26683e-021,3.59641e-020,
1201,1.26784e-021,3.60211e-020,
1202,1.26949e-021,3.61138e-020,
1203,1.27164e-021,3.62359e-020,
1204,1.27404e-021,3.63721e-020,
1205,1.27646e-021,3.6511e-020,
1206,1.27872e-021,3.66404e-020,
1207,1.2805e-021,3.6744e-020,
1208,1.28177e-021,3.68181e-020,
1209,1.28233e-021,3.68512e-020,
1210,1.28218e-021,3.6843e-020,
1211,1.28137e-021,3.67965e-020,
1212,1.27989e-021,3.67115e-020,
1213,1.27795e-021,3.66008e-020,
1214,1.27567e-021,3.64706e-020,
1215,1.2733e-021,3.63347e-020,
1216,1.27108e-021,3.62087e-020,
1217,1.26925e-021,3.61043e-020,
1218,1.26793e-021,3.60287e-020,
1219,1.26725e-021,3.59894e-020,
1220,1.26731e-021,3.5992e-020,
1221,1.26799e-021,3.603e-020,
1222,1.26929e-021,3.61029e-020,
1223,1.27116e-021,3.62084e-020,
1224,1.2733e-021,3.63303e-020,
1225,1.27554e-021,3.64573e-020,
1226,1.27768e-021,3.65803e-020,
1227,1.2795e-021,3.66859e-020,
1228,1.28089e-021,3.67662e-020,
1229,1.28169e-021,3.68137e-020,
1230,1.28183e-021,3.68223e-020,
1231,1.28129e-021,3.67928e-020,
1232,1.28022e-021,3.67309e-020,
1233,1.27859e-021,3.66383e-020,
1234,1.27664e-021,3.65267e-020,
1235,1.27457e-021,3.64079e-020,
1236,1.27249e-021,3.62897e-020,
1237,1.27066e-021,3.61848e-020,
1238,1.26926e-021,3.6105e-020,
1239,1.26838e-021,3.60546e-020,
1240,1.26811e-021,3.60389e-020,
1241,1.26851e-021,3.60605e-020,
1242,1.26947e-021,3.61144e-020,
1243,1.27088e-021,3.6194e-020,
1244,1.27271e-021,3.62978e-020,
1245,1.27471e-021,3.64107e-020,
1246,1.27669e-021,3.65244e-020,
1247,1.27849e-021,3.66278e-020,
1248,1.27988e-021,3.67083e-020,
1249,1.28082e-021,3.67631e-020,
1250,1.28116e-021,3.6783e-020,
1251,1.2809e-021,3.67692e-020,
1252,1.28004e-021,3.67205e-020,
1253,1.27871e-021,3.66445e-020,
1254,1.277e-021,3.6547e-020,
1255,1.27515e-021,3.64411e-020,
1256,1.27324e-021,3.63321e-020,
1257,1.27151e-021,3.62339e-020,
1258,1.27012e-021,3.61545e-020,
1259,1.2692e-021,3.61021e-020,
1260,1.26882e-021,3.60801e-020,
1261,1.26902e-021,3.60906e-020,
1262,1.26972e-021,3.61306e-020,
1263,1.27087e-021,3.61952e-020,
1264,1.27245e-021,3.62843e-020,
1265,1.27426e-021,3.63868e-020,
1266,1.27606e-021,3.64898e-020,
1267,1.27779e-021,3.65889e-020,
1268,1.27921e-021,3.66709e-020,
1269,1.28022e-021,3.6729e-020,
1270,1.28075e-021,3.6759e-020,
1271,1.28068e-021,3.67558e-020,
1272,1.28009e-021,3.67226e-020,
1273,1.27903e-021,3.66619e-020,
1274,1.2776e-021,3.65806e-020,
1275,1.27594e-021,3.64855e-020,
1276,1.27419e-021,3.63858e-020,
1277,1.27249e-021,3.62893e-020,
1278,1.27108e-021,3.62085e-020,
1279,1.26997e-021,3.61459e-020,
1280,1.26943e-021,3.61141e-020,
1281,1.26938e-021,3.61114e-020,
1282,1.26985e-021,3.61371e-020,
1283,1.27082e-021,3.61923e-020,
1284,1.27216e-021,3.62684e-020,
1285,1.27378e-021,3.63604e-020,
1286,1.27547e-021,3.64568e-020,
1287,1.27711e-021,3.65506e-020,
1288,1.27853e-021,3.66329e-020,
1289,1.27966e-021,3.66975e-020,
1290,1.28027e-021,3.67339e-020,
1291,1.28041e-021,3.67423e-020,
1292,1.28006e-021,3.6722e-020,
1293,1.27919e-021,3.66724e-020,
1294,1.27792e-021,3.66002e-020,
1295,1.27638e-021,3.65115e-020,
1296,1.27471e-021,3.64161e-020,
1297,1.27303e-021,3.63194e-020,
1298,1.27153e-021,3.62344e-020,
1299,1.27039e-021,3.61687e-020,
1300,1.26966e-021,3.61269e-020,
1301,1.26945e-021,3.61149e-020,
1302,1.26974e-021,3.61303e-020,
1303,1.27048e-021,3.61721e-020,
1304,1.27158e-021,3.62346e-020,
1305,1.27303e-021,3.6317e-020,
1306,1.27466e-021,3.64104e-020,
1307,1.27626e-021,3.65021e-020,
1308,1.27772e-021,3.65865e-020,
1309,1.27892e-021,3.66556e-020,
1310,1.27976e-021,3.67037e-020,
1311,1.28011e-021,3.67247e-020,
1312,1.28002e-021,3.67202e-020,
1313,1.27945e-021,3.66877e-020,
1314,1.27847e-021,3.66311e-020,
1315,1.27718e-021,3.65582e-020,
1316,1.27569e-021,3.64729e-020,
1317,1.27417e-021,3.6386e-020,
1318,1.27273e-021,3.63035e-020,
1319,1.27153e-021,3.62349e-020,
1320,1.2707e-021,3.61872e-020,
1321,1.27023e-021,3.616e-020,
1322,1.27027e-021,3.61617e-020,
1323,1.2707e-021,3.61861e-020,
1324,1.27155e-021,3.62336e-020,
1325,1.27277e-021,3.63027e-020,
1326,1.27413e-021,3.63801e-020,
1327,1.27558e-021,3.64631e-020,
1328,1.27693e-021,3.6541e-020,
1329,1.27811e-021,3.66083e-020,
1330,1.27897e-021,3.66588e-020,
1331,1.27947e-021,3.6688e-020,
1332,1.27958e-021,3.66942e-020,
1333,1.27915e-021,3.66697e-020,
1334,1.27841e-021,3.66273e-020,
1335,1.27731e-021,3.65652e-020,
1336,1.27607e-021,3.64943e-020,
1337,1.27472e-021,3.64167e-020,
1338,1.27346e-021,3.63448e-020,
1339,1.27231e-021,3.62791e-020,
1340,1.27145e-021,3.62303e-020,
1341,1.27097e-021,3.62029e-020,
1342,1.27086e-021,3.61959e-020,
1343,1.27115e-021,3.6212e-020,
1344,1.27187e-021,3.62526e-020,
1345,1.27287e-021,3.63092e-020,
1346,1.27407e-021,3.63774e-020,
1347,1.2754e-021,3.64533e-020,
1348,1.27676e-021,3.65313e-020,
1349,1.27794e-021,3.65997e-020,
1350,1.27884e-021,3.66517e-020,
1351,1.27941e-021,3.66845e-020,
1352,1.27966e-021,3.6699e-020,
1353,1.27942e-021,3.66855e-020,
1354,1.27884e-021,3.66523e-020,
1355,1.27785e-021,3.65962e-020,
1356,1.27671e-021,3.65306e-020,
1357,1.27536e-021,3.64536e-020,
1358,1.27401e-021,3.63765e-020,
1359,1.27277e-021,3.63063e-020,
1360,1.27179e-021,3.62501e-020,
1361,1.27109e-021,3.621e-020,
1362,1.27079e-021,3.61925e-020,
1363,1.27085e-021,3.61952e-020,
1364,1.27133e-021,3.6222e-020,
1365,1.27215e-021,3.62682e-020,
1366,1.27317e-021,3.63265e-020,
1367,1.27439e-021,3.63957e-020,
1368,1.27564e-021,3.64674e-020,
1369,1.2768e-021,3.6534e-020,
1370,1.2778e-021,3.65913e-020,
1371,1.27853e-021,3.66337e-020,
1372,1.27891e-021,3.66563e-020,
1373,1.27897e-021,3.66597e-020,
1374,1.27863e-021,3.66398e-020,
1375,1.27795e-021,3.66015e-020,
1376,1.277e-021,3.65479e-020,
1377,1.27584e-021,3.64813e-020,
1378,1.27463e-021,3.64119e-020,
1379,1.27354e-021,3.63498e-020,
1380,1.27253e-021,3.62926e-020,
1381,1.27177e-021,3.62492e-020,
1382,1.27127e-021,3.62208e-020,
1383,1.27117e-021,3.62147e-020,
1384,1.27141e-021,3.62278e-020,
1385,1.27198e-021,3.62603e-020,
1386,1.27287e-021,3.63103e-020,
1387,1.27389e-021,3.63677e-020,
1388,1.27504e-021,3.64338e-020,
1389,1.27619e-021,3.64987e-020,
1390,1.27715e-021,3.65542e-020,
1391,1.27794e-021,3.65999e-020,
1392,1.2785e-021,3.66321e-020,
1393,1.27867e-021,3.66422e-020,
1394,1.27852e-021,3.66333e-020,
1395,1.27798e-021,3.6603e-020,
1396,1.27725e-021,3.65614e-020,
1397,1.27627e-021,3.65054e-020,
1398,1.27516e-021,3.64418e-020,
1399,1.27404e-021,3.63777e-020,
1400,1.27299e-021,3.63186e-020,
1401,1.27214e-021,3.62702e-020,
1402,1.27158e-021,3.62377e-020,
1403,1.27136e-021,3.62253e-020,
1404,1.2715e-021,3.62327e-020,
1405,1.27194e-021,3.62574e-020,
1406,1.27268e-021,3.62989e-020,
1407,1.27361e-021,3.63523e-020,
1408,1.27464e-021,3.64112e-020,
1409,1.2757e-021,3.64715e-020,
1410,1.27667e-021,3.65276e-020,
1411,1.27753e-021,3.65769e-020,
1412,1.27809e-021,3.66094e-020,
1413,1.27835e-021,3.66246e-020,
1414,1.27834e-021,3.66242e-020,
1415,1.27799e-021,3.66043e-020,
1416,1.27738e-021,3.65692e-020,
1417,1.27661e-021,3.65253e-020,
1418,1.27568e-021,3.64716e-020,
1419,1.27467e-021,3.64144e-020,
1420,1.27373e-021,3.6361e-020,
1421,1.2729e-021,3.63134e-020,
1422,1.27233e-021,3.62801e-020,
1423,1.27199e-021,3.62606e-020,
1424,1.27194e-021,3.62573e-020,
1425,1.27214e-021,3.62686e-020,
1426,1.27266e-021,3.6298e-020,
1427,1.27338e-021,3.63394e-020,
1428,1.2743e-021,3.63916e-020,
1429,1.27527e-021,3.64475e-020,
1430,1.2762e-021,3.65001e-020,
1431,1.27707e-021,3.65507e-020,
1432,1.27772e-021,3.65876e-020,
1433,1.27809e-021,3.66096e-020,
1434,1.27823e-021,3.66179e-020,
1435,1.27803e-021,3.66066e-020,
1436,1.27755e-021,3.65791e-020,
1437,1.27681e-021,3.65368e-020,
1438,1.27595e-021,3.6488e-020,
1439,1.27507e-021,3.64369e-020,
1440,1.27417e-021,3.63856e-020,
1441,1.27331e-021,3.63368e-020,
1442,1.27263e-021,3.62982e-020,
1443,1.2722e-021,3.62736e-020,
1444,1.27207e-021,3.62657e-020,
1445,1.27218e-021,3.6271e-020,
1446,1.27258e-021,3.62943e-020,
1447,1.27322e-021,3.63299e-020,
1448,1.27396e-021,3.63721e-020,
1449,1.27488e-021,3.64246e-020,
1450,1.27576e-021,3.64747e-020,
1451,1.27653e-021,3.65191e-020,
1452,1.27718e-021,3.65569e-020,
1453,1.2776e-021,3.65811e-020,
1454,1.27781e-021,3.65935e-020,
1455,1.27768e-021,3.65867e-020,
1456,1.27735e-021,3.65678e-020,
1457,1.27678e-021,3.65353e-020,
1458,1.276e-021,3.64909e-020,
1459,1.27519e-021,3.64448e-020,
1460,1.2744e-021,3.63989e-020,
1461,1.27358e-021,3.63522e-020,
1462,1.27291e-021,3.63145e-020,
1463,1.27248e-021,3.62892e-020,
1464,1.27223e-021,3.62743e-020,
1465,1.27226e-021,3.62762e-020,
1466,1.27261e-021,3.62957e-020,
1467,1.27314e-021,3.63258e-020,
1468,1.27387e-021,3.63671e-020,
1469,1.27469e-021,3.64141e-020,
1470,1.27562e-021,3.64667e-020,
1471,1.27642e-021,3.65131e-020,
1472,1.27715e-021,3.65547e-020,
1473,1.27764e-021,3.65831e-020,
1474,1.27786e-021,3.6596e-020,
1475,1.27788e-021,3.65971e-020,
1476,1.27762e-021,3.65822e-020,
1477,1.27713e-021,3.65552e-020,
1478,1.27648e-021,3.65177e-020,
1479,1.27567e-021,3.64721e-020,
1480,1.27481e-021,3.64226e-020,
1481,1.27397e-021,3.63751e-020,
1482,1.27327e-021,3.63351e-020,
1483,1.27278e-021,3.63071e-020,
1484,1.2725e-021,3.62903e-020,
1485,1.27247e-021,3.62886e-020,
1486,1.27266e-021,3.62996e-020,
1487,1.27315e-021,3.63268e-020,
1488,1.27382e-021,3.63655e-020,
1489,1.27463e-021,3.64113e-020,
1490,1.2755e-021,3.64606e-020,
1491,1.27631e-021,3.65069e-020,
1492,1.27705e-021,3.65495e-020,
1493,1.27757e-021,3.65795e-020,
1494,1.27788e-021,3.65968e-020,
1495,1.27791e-021,3.65993e-020,
1496,1.27778e-021,3.65915e-020,
1497,1.27737e-021,3.65681e-020,
1498,1.27675e-021,3.65326e-020,
1499,1.27594e-021,3.64864e-020,
1500,1.2751e-021,3.64387e-020,
1501,1.27425e-021,3.63904e-020,
1502,1.2735e-021,3.63474e-020,
1503,1.27292e-021,3.63142e-020,
1504,1.27254e-021,3.62924e-020,
1505,1.27243e-021,3.6286e-020,
1506,1.27253e-021,3.62921e-020,
1507,1.27291e-021,3.63135e-020,
1508,1.27352e-021,3.63481e-020,
1509,1.27425e-021,3.639e-020,
1510,1.27508e-021,3.64374e-020,
1511,1.27591e-021,3.64844e-020,
1512,1.27667e-021,3.65285e-020,
1513,1.27728e-021,3.65636e-020,
1514,1.27769e-021,3.65877e-020,
1515,1.27793e-021,3.66007e-020,
1516,1.2779e-021,3.65995e-020,
1517,1.27755e-021,3.65797e-020,
1518,1.27707e-021,3.65521e-020,
1519,1.27634e-021,3.65098e-020,
1520,1.27551e-021,3.64623e-020,
1521,1.27468e-021,3.64148e-020,
1522,1.27393e-021,3.63721e-020,
1523,1.27326e-021,3.63336e-020,
1524,1.2728e-021,3.63071e-020,
1525,1.2726e-021,3.62951e-020,
1526,1.27265e-021,3.62981e-020,
1527,1.27293e-021,3.63135e-020,
1528,1.27341e-021,3.63406e-020,
1529,1.27403e-021,3.63768e-020,
1530,1.27479e-021,3.64195e-020,
1531,1.2756e-021,3.64664e-020,
1532,1.27634e-021,3.65089e-020,
1533,1.27701e-021,3.65472e-020,
1534,1.2775e-021,3.65754e-020,
1535,1.2778e-021,3.65936e-020,
1536,1.2778e-021,3.65933e-020,
1537,1.27759e-021,3.65822e-020,
1538,1.27717e-021,3.65577e-020,
1539,1.27656e-021,3.6523e-020,
1540,1.27582e-021,3.64806e-020,
1541,1.27506e-021,3.64372e-020,
1542,1.27427e-021,3.63923e-020,
1543,1.2736e-021,3.63539e-020,
1544,1.27311e-021,3.63255e-020,
1545,1.27284e-021,3.63101e-020,
1546,1.27279e-021,3.63065e-020,
1547,1.27296e-021,3.63164e-020,
1548,1.27337e-021,3.63389e-020,
1549,1.27395e-021,3.63722e-020,
1550,1.27462e-021,3.64102e-020,
1551,1.27534e-021,3.64508e-020,
1552,1.27604e-021,3.64912e-020,
1553,1.27666e-021,3.65265e-020,
1554,1.27716e-021,3.65557e-020,
1555,1.27753e-021,3.65769e-020,
1556,1.27769e-021,3.65864e-020,
1557,1.2776e-021,3.65815e-020,
1558,1.27725e-021,3.65619e-020,
1559,1.27677e-021,3.65348e-020,
1560,1.27618e-021,3.65008e-020,
1561,1.27545e-021,3.64593e-020,
1562,1.27473e-021,3.64176e-020,
1563,1.27401e-021,3.63773e-020,
1564,1.27344e-021,3.63445e-020,
1565,1.27306e-021,3.63223e-020,
1566,1.27284e-021,3.63102e-020,
1567,1.27284e-021,3.63094e-020,
1568,1.27311e-021,3.63243e-020,
1569,1.27348e-021,3.63454e-020,
1570,1.27406e-021,3.63786e-020,
1571,1.27471e-021,3.64157e-020,
1572,1.27541e-021,3.64559e-020,
1573,1.27607e-021,3.64938e-020,
1574,1.27669e-021,3.65288e-020,
1575,1.27712e-021,3.65538e-020,
1576,1.27742e-021,3.6571e-020,
1577,1.27752e-021,3.65773e-020,
1578,1.27736e-021,3.65679e-020,
1579,1.27699e-021,3.6547e-020,
1580,1.27651e-021,3.65193e-020,
1581,1.27591e-021,3.64853e-020,
1582,1.27526e-021,3.6448e-020,
1583,1.27461e-021,3.64109e-020,
1584,1.27401e-021,3.63761e-020,
1585,1.27354e-021,3.63497e-020,
1586,1.27326e-021,3.63334e-020,
1587,1.27315e-021,3.63278e-020,
1588,1.2732e-021,3.63304e-020,
1589,1.27354e-021,3.63489e-020,
1590,1.27399e-021,3.63743e-020,
1591,1.27455e-021,3.64066e-020,
1592,1.27517e-021,3.64422e-020,
1593,1.2758e-021,3.6478e-020,
1594,1.2764e-021,3.65129e-020,
1595,1.27686e-021,3.65389e-020,
1596,1.27715e-021,3.65562e-020,
1597,1.27728e-021,3.65637e-020,
1598,1.27715e-021,3.65564e-020,
1599,1.2769e-021,3.65418e-020,
1600,1.27642e-021,3.65145e-020,
1601,1.27589e-021,3.6484e-020,
1602,1.27531e-021,3.64507e-020,
1603,1.27466e-021,3.6414e-020,
1604,1.27411e-021,3.63824e-020,
1605,1.27363e-021,3.6355e-020,
1606,1.27323e-021,3.63324e-020,
1607,1.27305e-021,3.6322e-020,
1608,1.27306e-021,3.63224e-020,
1609,1.27327e-021,3.63343e-020,
1610,1.27364e-021,3.63552e-020,
1611,1.27417e-021,3.63852e-020,
1612,1.27474e-021,3.64178e-020,
1613,1.27539e-021,3.64545e-020,
1614,1.27595e-021,3.6487e-020,
1615,1.27647e-021,3.65165e-020,
1616,1.27689e-021,3.65407e-020,
1617,1.27713e-021,3.65539e-020,
1618,1.27715e-021,3.65559e-020,
1619,1.277e-021,3.65469e-020,
1620,1.27662e-021,3.65254e-020,
1621,1.27615e-021,3.64985e-020,
1622,1.27559e-021,3.6467e-020,
1623,1.27495e-021,3.64305e-020,
1624,1.27437e-021,3.63967e-020,
1625,1.27382e-021,3.63662e-020,
1626,1.27336e-021,3.63394e-020,
1627,1.27313e-021,3.63259e-020,
1628,1.27304e-021,3.63208e-020,
1629,1.27313e-021,3.63264e-020,
1630,1.27347e-021,3.6345e-020,
1631,1.2739e-021,3.63696e-020,
1632,1.27447e-021,3.64021e-020,
1633,1.27509e-021,3.64376e-020,
1634,1.27571e-021,3.6473e-020,
1635,1.27628e-021,3.65055e-020,
1636,1.27669e-021,3.65295e-020,
1637,1.27697e-021,3.65458e-020,
1638,1.27708e-021,3.65516e-020,
1639,1.27697e-021,3.65461e-020,
1640,1.27675e-021,3.65332e-020,
1641,1.27634e-021,3.65097e-020,
1642,1.27581e-021,3.64801e-020,
1643,1.27528e-021,3.64492e-020,
1644,1.27474e-021,3.64182e-020,
1645,1.27424e-021,3.6389e-020,
1646,1.2738e-021,3.6364e-020,
1647,1.27352e-021,3.6348e-020,
1648,1.27334e-021,3.63377e-020,
1649,1.27335e-021,3.63385e-020,
1650,1.27358e-021,3.63514e-020,
1651,1.27395e-021,3.63723e-020,
1652,1.27441e-021,3.63984e-020,
1653,1.27493e-021,3.64284e-020,
1654,1.27546e-021,3.64591e-020,
1655,1.27593e-021,3.64856e-020,
1656,1.27631e-021,3.65078e-020,
1657,1.27661e-021,3.65249e-020,
1658,1.27671e-021,3.65305e-020,
1659,1.27658e-021,3.65237e-020,
1660,1.27634e-021,3.65101e-020,
1661,1.27602e-021,3.64916e-020,
1662,1.27557e-021,3.64657e-020,
1663,1.27506e-021,3.6437e-020,
1664,1.2746e-021,3.6411e-020,
1665,1.27416e-021,3.63858e-020,
1666,1.27384e-021,3.63669e-020,
1667,1.27358e-021,3.63522e-020,
1668,1.2735e-021,3.63475e-020,
1669,1.27356e-021,3.63507e-020,
1670,1.27372e-021,3.63597e-020,
1671,1.27403e-021,3.63773e-020,
1672,1.27441e-021,3.63986e-020,
1673,1.27482e-021,3.64227e-020,
1674,1.27529e-021,3.6449e-020,
1675,1.27569e-021,3.64719e-020,
1676,1.27606e-021,3.64936e-020,
1677,1.27638e-021,3.6511e-020,
1678,1.27656e-021,3.6522e-020,
1679,1.27658e-021,3.65235e-020,
1680,1.2765e-021,3.65188e-020,
1681,1.27627e-021,3.65057e-020,
1682,1.27597e-021,3.64884e-020,
1683,1.27564e-021,3.64698e-020,
1684,1.27523e-021,3.64468e-020,
1685,1.27491e-021,3.64282e-020,
1686,1.27459e-021,3.64093e-020,
1687,1.27432e-021,3.63942e-020,
1688,1.27417e-021,3.63854e-020,
1689,1.27414e-021,3.6384e-020,
1690,1.27418e-021,3.63864e-020,
1691,1.27438e-021,3.63975e-020,
1692,1.27466e-021,3.64132e-020,
1693,1.27499e-021,3.64318e-020,
1694,1.27533e-021,3.64515e-020,
1695,1.27565e-021,3.64703e-020,
1696,1.27595e-021,3.64873e-020,
1697,1.27611e-021,3.64964e-020,
1698,1.27625e-021,3.65046e-020,
1699,1.27622e-021,3.65034e-020,
1700,1.27606e-021,3.64936e-020,
1701,1.27581e-021,3.64794e-020,
1702,1.27546e-021,3.64596e-020,
1703,1.27509e-021,3.64388e-020,
1704,1.27472e-021,3.64177e-020,
1705,1.27442e-021,3.64e-020,
1706,1.27414e-021,3.63843e-020,
1707,1.27401e-021,3.63768e-020,
1708,1.27389e-021,3.63695e-020,
1709,1.27397e-021,3.63738e-020,
1710,1.27413e-021,3.6383e-020,
1711,1.27435e-021,3.63956e-020,
1712,1.27465e-021,3.64126e-020,
1713,1.27502e-021,3.64336e-020,
1714,1.2754e-021,3.64557e-020,
1715,1.27576e-021,3.64762e-020,
1716,1.27606e-021,3.64936e-020,
1717,1.2763e-021,3.65069e-020,
1718,1.27638e-021,3.6512e-020,
1719,1.2764e-021,3.65129e-020,
1720,1.27633e-021,3.65093e-020,
1721,1.27617e-021,3.64999e-020,
1722,1.27594e-021,3.64868e-020,
1723,1.27562e-021,3.6469e-020,
1724,1.27527e-021,3.64489e-020,
1725,1.2749e-021,3.64277e-020,
1726,1.27458e-021,3.6409e-020,
1727,1.27427e-021,3.63919e-020,
1728,1.27408e-021,3.63807e-020,
1729,1.27395e-021,3.63736e-020,
1730,1.27395e-021,3.63733e-020,
1731,1.27404e-021,3.63785e-020,
1732,1.2743e-021,3.6393e-020,
1733,1.27454e-021,3.64062e-020,
1734,1.27488e-021,3.6426e-020,
1735,1.27527e-021,3.64486e-020,
1736,1.27569e-021,3.64719e-020,
1737,1.27602e-021,3.64913e-020,
1738,1.27634e-021,3.65099e-020,
1739,1.27645e-021,3.65161e-020,
1740,1.27649e-021,3.65187e-020,
1741,1.27641e-021,3.65135e-020,
1742,1.27614e-021,3.64982e-020,
1743,1.27582e-021,3.648e-020,
1744,1.27541e-021,3.64563e-020,
1745,1.27499e-021,3.64325e-020,
1746,1.27459e-021,3.64099e-020,
1747,1.27424e-021,3.63895e-020,
1748,1.27403e-021,3.63771e-020,
1749,1.27391e-021,3.63706e-020,
1750,1.27386e-021,3.63678e-020,
1751,1.27395e-021,3.63733e-020,
1752,1.2742e-021,3.63873e-020,
1753,1.27455e-021,3.64068e-020,
1754,1.27494e-021,3.64295e-020,
1755,1.27537e-021,3.64542e-020,
1756,1.27577e-021,3.64772e-020,
1757,1.27617e-021,3.64999e-020,
1758,1.27644e-021,3.65158e-020,
1759,1.27659e-021,3.65243e-020,
1760,1.27662e-021,3.65262e-020,
1761,1.27646e-021,3.65165e-020,
1762,1.27625e-021,3.65051e-020,
1763,1.27589e-021,3.64846e-020,
1764,1.27546e-021,3.646e-020,
1765,1.27503e-021,3.64356e-020,
1766,1.27461e-021,3.64106e-020,
1767,1.27426e-021,3.63906e-020,
1768,1.27392e-021,3.63722e-020,
1769,1.27379e-021,3.63642e-020,
1770,1.27371e-021,3.63592e-020,
1771,1.27378e-021,3.63634e-020,
1772,1.274e-021,3.63753e-020,
1773,1.27428e-021,3.6392e-020,
1774,1.27466e-021,3.64124e-020,
1775,1.2751e-021,3.64384e-020,
1776,1.2755e-021,3.64613e-020,
1777,1.2759e-021,3.64837e-020,
1778,1.27619e-021,3.65008e-020,
1779,1.27641e-021,3.65135e-020,
1780,1.2765e-021,3.65187e-020,
1781,1.27646e-021,3.65167e-020,
1782,1.2763e-021,3.65079e-020,
1783,1.276e-021,3.64904e-020,
1784,1.27564e-021,3.64701e-020,
1785,1.27522e-021,3.64466e-020,
1786,1.27481e-021,3.64226e-020,
1787,1.27438e-021,3.63988e-020,
1788,1.27395e-021,3.63736e-020,
1789,1.27365e-021,3.63566e-020,
1790,1.27343e-021,3.63436e-020,
1791,1.27342e-021,3.63428e-020,
1792,1.27357e-021,3.63514e-020,
1793,1.27382e-021,3.63655e-020,
1794,1.27424e-021,3.63893e-020,
1795,1.27476e-021,3.64184e-020,
1796,1.27523e-021,3.64457e-020,
1797,1.27569e-021,3.6472e-020,
1798,1.27613e-021,3.64971e-020,
1799,1.27648e-021,3.65169e-020,
1800,1.27674e-021,3.65326e-020,
1801,1.27686e-021,3.65393e-020,
1802,1.27685e-021,3.65386e-020,
1803,1.27666e-021,3.6528e-020,
1804,1.27636e-021,3.65109e-020,
1805,1.27599e-021,3.64902e-020,
1806,1.27551e-021,3.64625e-020,
1807,1.27506e-021,3.64368e-020,
1808,1.27459e-021,3.64106e-020,
1809,1.27423e-021,3.63891e-020,
1810,1.27396e-021,3.63743e-020,
1811,1.27376e-021,3.6362e-020,
1812,1.27372e-021,3.63603e-020,
1813,1.27386e-021,3.63679e-020,
1814,1.27407e-021,3.638e-020,
1815,1.27444e-021,3.64014e-020,
1816,1.27483e-021,3.64231e-020,
1817,1.27531e-021,3.64508e-020,
1818,1.27576e-021,3.64767e-020,
1819,1.27617e-021,3.64998e-020,
1820,1.27643e-021,3.65152e-020,
1821,1.27665e-021,3.6528e-020,
1822,1.27664e-021,3.65272e-020,
1823,1.27657e-021,3.65231e-020,
1824,1.2763e-021,3.65076e-020,
1825,1.27592e-021,3.6486e-020,
1826,1.27549e-021,3.64613e-020,
1827,1.27504e-021,3.64352e-020,
1828,1.27459e-021,3.64096e-020,
1829,1.27419e-021,3.6387e-020,
1830,1.27393e-021,3.63722e-020,
1831,1.27375e-021,3.63616e-020,
1832,1.27374e-021,3.63601e-020,
1833,1.27381e-021,3.63644e-020,
1834,1.27405e-021,3.63781e-020,
1835,1.2744e-021,3.63979e-020,
1836,1.2748e-021,3.64209e-020,
1837,1.27522e-021,3.64451e-020,
1838,1.27566e-021,3.64706e-020,
1839,1.27602e-021,3.64913e-020,
1840,1.27631e-021,3.6508e-020,
1841,1.27641e-021,3.65143e-020,
1842,1.27641e-021,3.65144e-020,
1843,1.27629e-021,3.65078e-020,
1844,1.27605e-021,3.64938e-020,
1845,1.27569e-021,3.64731e-020,
1846,1.27531e-021,3.64517e-020,
1847,1.27488e-021,3.64273e-020,
1848,1.27452e-021,3.64064e-020,
1849,1.27419e-021,3.63875e-020,
1850,1.27395e-021,3.63739e-020,
1851,1.27384e-021,3.63671e-020,
1852,1.27386e-021,3.63683e-020,
1853,1.27397e-021,3.63742e-020,
1854,1.27422e-021,3.63888e-020,
1855,1.27452e-021,3.64048e-020,
1856,1.27489e-021,3.6426e-020,
1857,1.27528e-021,3.64484e-020,
1858,1.2756e-021,3.6467e-020,
1859,1.27596e-021,3.64875e-020,
1860,1.27617e-021,3.65001e-020,
1861,1.2763e-021,3.65072e-020,
1862,1.27628e-021,3.65065e-020,
1863,1.27617e-021,3.65002e-020,
1864,1.27595e-021,3.64876e-020,
1865,1.27561e-021,3.64688e-020,
1866,1.27527e-021,3.64492e-020,
1867,1.27489e-021,3.64272e-020,
1868,1.27457e-021,3.64087e-020,
1869,1.27426e-021,3.63914e-020,
1870,1.27407e-021,3.638e-020,
1871,1.27399e-021,3.63757e-020,
1872,1.27397e-021,3.63747e-020,
1873,1.27411e-021,3.63825e-020,
1874,1.27437e-021,3.63974e-020,
1875,1.27467e-021,3.64141e-020,
1876,1.27502e-021,3.64341e-020,
1877,1.27539e-021,3.64549e-020,
1878,1.27575e-021,3.64759e-020,
1879,1.276e-021,3.64902e-020,
1880,1.27621e-021,3.6502e-020,
1881,1.27625e-021,3.65044e-020,
1882,1.2762e-021,3.6502e-020,
1883,1.27609e-021,3.64954e-020,
1884,1.27586e-021,3.64825e-020,
1885,1.2756e-021,3.64673e-020,
1886,1.27526e-021,3.6448e-020,
1887,1.27494e-021,3.643e-020,
1888,1.27462e-021,3.64119e-020,
1889,1.27438e-021,3.63977e-020,
1890,1.2742e-021,3.63868e-020,
1891,1.27413e-021,3.63837e-020,
1892,1.27418e-021,3.63861e-020,
1893,1.27437e-021,3.63972e-020,
1894,1.27457e-021,3.64089e-020,
1895,1.27489e-021,3.64266e-020,
1896,1.27524e-021,3.64466e-020,
1897,1.27553e-021,3.64637e-020,
1898,1.27588e-021,3.64832e-020,
1899,1.27611e-021,3.64968e-020,
1900,1.2763e-021,3.65074e-020,
1901,1.27631e-021,3.6508e-020,
1902,1.27628e-021,3.65067e-020,
1903,1.27612e-021,3.64975e-020,
1904,1.27595e-021,3.64876e-020,
1905,1.27569e-021,3.6473e-020,
1906,1.27533e-021,3.64525e-020,
1907,1.27499e-021,3.64329e-020,
1908,1.2747e-021,3.64164e-020,
1909,1.2745e-021,3.64048e-020,
1910,1.27433e-021,3.63948e-020,
1911,1.27431e-021,3.63931e-020,
1912,1.27435e-021,3.63955e-020,
1913,1.2745e-021,3.64039e-020,
1914,1.27468e-021,3.64147e-020,
1915,1.27494e-021,3.64291e-020,
1916,1.27524e-021,3.64465e-020,
1917,1.27558e-021,3.64659e-020,
1918,1.27589e-021,3.64839e-020,
1919,1.27616e-021,3.64995e-020,
1920,1.27629e-021,3.65073e-020,
1921,1.27635e-021,3.65105e-020,
1922,1.27629e-021,3.65072e-020,
1923,1.27616e-021,3.65001e-020,
1924,1.27593e-021,3.64872e-020,
1925,1.27569e-021,3.6473e-020,
1926,1.2754e-021,3.64568e-020,
1927,1.27513e-021,3.64411e-020,
1928,1.27481e-021,3.64229e-020,
1929,1.27455e-021,3.64078e-020,
1930,1.2744e-021,3.63988e-020,
1931,1.27423e-021,3.63894e-020,
1932,1.27418e-021,3.63868e-020,
1933,1.27423e-021,3.63887e-020,
1934,1.27436e-021,3.63965e-020,
1935,1.27455e-021,3.64073e-020,
1936,1.27485e-021,3.64243e-020,
1937,1.27514e-021,3.64406e-020,
1938,1.27548e-021,3.64605e-020,
1939,1.27576e-021,3.64759e-020,
1940,1.276e-021,3.64897e-020,
1941,1.27615e-021,3.64982e-020,
1942,1.27625e-021,3.65038e-020,
1943,1.27622e-021,3.65027e-020,
1944,1.27606e-021,3.6494e-020,
1945,1.27583e-021,3.64806e-020,
1946,1.2756e-021,3.64675e-020,
1947,1.27531e-021,3.6451e-020,
1948,1.27496e-021,3.64311e-020,
1949,1.27466e-021,3.6414e-020,
1950,1.27439e-021,3.6399e-020,
1951,1.27417e-021,3.63859e-020,
1952,1.27404e-021,3.6379e-020,
1953,1.27402e-021,3.63772e-020,
1954,1.27403e-021,3.63776e-020,
1955,1.2742e-021,3.63878e-020,
1956,1.27446e-021,3.64023e-020,
1957,1.27476e-021,3.64196e-020,
1958,1.27507e-021,3.64367e-020,
1959,1.27539e-021,3.64555e-020,
1960,1.27572e-021,3.64741e-020,
1961,1.27597e-021,3.64886e-020,
1962,1.27618e-021,3.65003e-020,
1963,1.27629e-021,3.65063e-020,
1964,1.27627e-021,3.65058e-020,
1965,1.27615e-021,3.64991e-020,
1966,1.276e-021,3.64904e-020,
1967,1.27573e-021,3.64747e-020,
1968,1.27548e-021,3.64612e-020,
1969,1.27525e-021,3.64478e-020,
1970,1.2749e-021,3.64278e-020,
1971,1.27468e-021,3.64143e-020,
1972,1.27446e-021,3.64022e-020,
1973,1.27432e-021,3.63945e-020,
1974,1.27429e-021,3.6392e-020,
1975,1.27435e-021,3.6396e-020,
1976,1.27451e-021,3.64054e-020,
1977,1.27476e-021,3.64188e-020,
1978,1.27506e-021,3.64367e-020,
1979,1.27539e-021,3.64553e-020,
1980,1.2757e-021,3.64735e-020,
1981,1.276e-021,3.64909e-020,
1982,1.27624e-021,3.65043e-020,
1983,1.2764e-021,3.65133e-020,
1984,1.27644e-021,3.65158e-020,
1985,1.27637e-021,3.65116e-020,
1986,1.27623e-021,3.65039e-020,
1987,1.27597e-021,3.6489e-020,
1988,1.2757e-021,3.64736e-020,
1989,1.27534e-021,3.64534e-020,
1990,1.27505e-021,3.64363e-020,
1991,1.27476e-021,3.64196e-020,
1992,1.27451e-021,3.64049e-020,
1993,1.27438e-021,3.63971e-020,
1994,1.27425e-021,3.63899e-020,
1995,1.27423e-021,3.63889e-020,
1996,1.2743e-021,3.63926e-020,
1997,1.27445e-021,3.64012e-020,
1998,1.2747e-021,3.64158e-020,
1999,1.275e-021,3.64324e-020,
